Year;Locationdesc;Data_value;Confidence_limit_Low;Confidence_limit_High;Sample_Size;Break_Out
2016;Alabama;14.63;13.59;15.67;1,252;Overall
2016;Alaska;7.45;6;8.9;301;Overall
2016;Arizona;10.83;10.01;11.65;1,6;Overall
2016;Arkansas;13.47;12.06;14.88;993;Overall
2016;California;10.17;9.43;10.91;1,21;Overall
2016;Colorado;6.63;6.18;7.08;1,363;Overall
2016;Connecticut;9.8;9.11;10.49;1,327;Overall
2016;Delaware;10.63;9.45;11.81;570;Overall
2016;District of Columbia;7.68;6.84;8.52;469;Overall
2016;Florida;11.76;11.09;12.43;5,749;Overall
2016;Georgia;12.09;11.09;13.09;895;Overall
2016;Hawaii;10.49;9.61;11.37;993;Overall
2016;Idaho;8.94;7.98;9.9;647;Overall
2016;Illinois;10.37;9.37;11.37;588;Overall
2016;Indiana;11.53;10.79;12.27;1,785;Overall
2016;Iowa;9.31;8.58;10.04;936;Overall
2016;Kansas;9.4;8.83;9.97;1,51;Overall
2016;Kentucky;13.08;12.16;14;1,609;Overall
2016;Louisiana;12.13;10.97;13.29;934;Overall
2016;Maine;10.55;9.73;11.37;1,228;Overall
2016;Maryland;10.75;10.12;11.38;2,692;Overall
2016;Massachusetts;9.27;8.45;10.09;974;Overall
2016;Michigan;11.17;10.5;11.84;1,578;Overall
2016;Minnesota;8.44;7.97;8.91;1,692;Overall
2016;Mississippi;13.56;12.44;14.68;889;Overall
2016;Missouri;11.52;10.52;12.52;1,156;Overall
2016;Montana;8.11;7.27;8.95;715;Overall
2016;Nebraska;8.81;8.18;9.44;1,787;Overall
2016;Nevada;11.06;9.83;12.29;547;Overall
2016;New Hampshire;8.99;8.17;9.81;788;Overall
2016;New Jersey;9.21;8.29;10.13;901;Overall
2016;New Mexico;11.6;10.54;12.66;904;Overall
2016;New York;10.45;9.8;11.1;4,494;Overall
2016;North Carolina;11.26;10.38;12.14;892;Overall
2016;North Dakota;8.64;7.84;9.44;678;Overall
2016;Ohio;11.12;10.38;11.86;1,938;Overall
2016;Oklahoma;11.95;11.05;12.85;1,086;Overall
2016;Oregon;9.52;8.66;10.38;590;Overall
2016;Pennsylvania;11.28;10.32;12.24;824;Overall
2016;Rhode Island;9.81;8.85;10.77;692;Overall
2016;South Carolina;13.02;12.26;13.78;1,988;Overall
2016;South Dakota;7.91;6.91;8.91;707;Overall
2016;Tennessee;12.69;11.65;13.73;1,004;Overall
2016;Texas;11.22;10.18;12.26;1,894;Overall
2016;Utah;7.24;6.67;7.81;1,126;Overall
2016;Vermont;8.4;7.58;9.22;708;Overall
2016;Virginia;10.44;9.71;11.17;1,215;Overall
2016;Washington;9.38;8.81;9.95;1,671;Overall
2016;West Virginia;14.96;14.04;15.88;1,229;Overall
2016;Wisconsin;9.77;8.81;10.73;655;Overall
2016;Wyoming;8.32;7.28;9.36;521;Overall
2016;Guam;10;8.06;11.94;202;Overall
2016;Puerto Rico;15.34;14.11;16.57;1,145;Overall
2016;Virgin Islands;12.7;10.23;15.17;212;Overall
2016;All States and DC (median) **;10.5;;;51;Overall
2016;All States, DC and Territories (median) **;10.5;;;54;Overall
2015;Alabama;13.46;12.54;14.38;1,361;Overall
2015;Alaska;7.64;6.25;9.03;348;Overall
2015;Arizona;10.07;9.25;10.89;1,1;Overall
2015;Arkansas;12.64;11.37;13.91;962;Overall
2015;California;10.04;9.31;10.77;1,292;Overall
2015;Colorado;6.75;6.2;7.3;1,227;Overall
2015;Connecticut;9.26;8.57;9.95;1,388;Overall
2015;Delaware;11.47;10.25;12.69;609;Overall
2015;District of Columbia;8.52;7.19;9.85;549;Overall
2015;Florida;11.29;10.47;12.11;1,4;Overall
2015;Georgia;11.28;10.24;12.32;754;Overall
2015;Hawaii;8.53;7.71;9.35;726;Overall
2015;Idaho;8.09;7.27;8.91;682;Overall
2015;Illinois;9.92;9;10.84;682;Overall
2015;Indiana;11.44;10.38;12.5;888;Overall
2015;Iowa;8.79;8.01;9.57;756;Overall
2015;Kansas;9.7;9.29;10.11;2,878;Overall
2015;Kentucky;13.44;12.32;14.56;1,471;Overall
2015;Louisiana;12.7;11.58;13.82;800;Overall
2015;Maine;9.86;9.04;10.68;1,084;Overall
2015;Maryland;10.3;9.36;11.24;1,866;Overall
2015;Massachusetts;8.92;8.14;9.7;996;Overall
2015;Michigan;10.73;9.97;11.49;1,092;Overall
2015;Minnesota;7.56;7.11;8.01;1,652;Overall
2015;Mississippi;14.72;13.56;15.88;1,159;Overall
2015;Missouri;11.45;10.53;12.37;1,16;Overall
2015;Montana;7.86;7;8.72;653;Overall
2015;Nebraska;8.79;8.22;9.36;2,066;Overall
2015;Nevada;9.69;8.14;11.24;339;Overall
2015;New Hampshire;8.11;7.38;8.84;839;Overall
2015;New Jersey;8.99;8.25;9.73;1,317;Overall
2015;New Mexico;11.49;10.41;12.57;927;Overall
2015;New York;9.81;9.14;10.48;1,477;Overall
2015;North Carolina;10.67;9.85;11.49;858;Overall
2015;North Dakota;8.72;7.8;9.64;569;Overall
2015;Ohio;11.03;10.25;11.81;1,869;Overall
2015;Oklahoma;11.72;10.8;12.64;1,1;Overall
2015;Oregon;10.68;9.68;11.68;667;Overall
2015;Pennsylvania;10.37;9.41;11.33;722;Overall
2015;Rhode Island;9.04;8.14;9.94;754;Overall
2015;South Carolina;11.84;11.1;12.58;1,849;Overall
2015;South Dakota;9.33;8.29;10.37;868;Overall
2015;Tennessee;12.66;11.52;13.8;1,006;Overall
2015;Texas;11.43;10.51;12.35;2,285;Overall
2015;Utah;7.03;6.48;7.58;1,022;Overall
2015;Vermont;8.23;7.45;9.01;629;Overall
2015;Virginia;10.35;9.53;11.17;1,139;Overall
2015;Washington;8.4;7.87;8.93;1,798;Overall
2015;West Virginia;14.46;13.48;15.44;969;Overall
2015;Wisconsin;8.37;7.49;9.25;683;Overall
2015;Wyoming;8.39;7.47;9.31;680;Overall
2015;Guam;11.98;9.65;14.31;194;Overall
2015;Puerto Rico;16.45;15.35;17.55;1,095;Overall
2015;All States and DC (median) **;9.9;;;51;Overall
2015;All States, DC and Territories (median) **;10;;;53;Overall
2014;Alabama;12.9;12.1;13.8;1,528;Overall
2014;Alaska;7.4;6.4;8.4;403;Overall
2014;Arizona;10.1;9.4;10.7;2,024;Overall
2014;Arkansas;12.8;11.6;13.9;966;Overall
2014;California;10.3;9.5;11.1;980;Overall
2014;Colorado;7.3;6.8;7.8;1,189;Overall
2014;Connecticut;9.2;8.4;10;880;Overall
2014;Delaware;11.1;9.9;12.2;653;Overall
2014;District of Columbia;8.4;7.2;9.7;541;Overall
2014;Florida;11.2;10.4;12;1,357;Overall
2014;Georgia;11.6;10.6;12.5;1,048;Overall
2014;Hawaii;9.8;8.8;10.7;775;Overall
2014;Idaho;7.6;6.8;8.5;578;Overall
2014;Illinois;10.1;9.1;11.1;625;Overall
2014;Indiana;10.7;10;11.3;1,653;Overall
2014;Iowa;9.5;8.7;10.2;1;Overall
2014;Kansas;10.3;9.8;10.9;1,768;Overall
2014;Kentucky;12.5;11.6;13.4;2,012;Overall
2014;Louisiana;11.3;10.4;12.1;992;Overall
2014;Maine;9.5;8.8;10.2;1,086;Overall
2014;Maryland;10.1;9.3;10.9;1,781;Overall
2014;Massachusetts;9.7;9;10.4;2,053;Overall
2014;Michigan;10.4;9.6;11.1;1,127;Overall
2014;Minnesota;8.1;7.7;8.6;1,581;Overall
2014;Mississippi;13;11.8;14.2;763;Overall
2014;Missouri;11.1;10.1;12.1;1,125;Overall
2014;Montana;8.8;7.9;9.6;927;Overall
2014;Nebraska;9.2;8.6;9.7;2,627;Overall
2014;Nevada;9.6;8.3;10.9;456;Overall
2014;New Hampshire;9.2;8.2;10.1;750;Overall
2014;New Jersey;9.7;9;10.4;1,619;Overall
2014;New Mexico;11.5;10.6;12.5;1,207;Overall
2014;New York;10;9.2;10.9;842;Overall
2014;North Carolina;10.8;10;11.6;980;Overall
2014;North Dakota;8.6;7.8;9.5;870;Overall
2014;Ohio;11.7;10.9;12.6;1,751;Overall
2014;Oklahoma;12;11.2;12.7;1,322;Overall
2014;Oregon;9;8.1;9.8;638;Overall
2014;Pennsylvania;11.2;10.5;11.9;1,583;Overall
2014;Rhode Island;9.5;8.6;10.3;807;Overall
2014;South Carolina;12;11.3;12.7;1,794;Overall
2014;South Dakota;9.1;8;10.2;864;Overall
2014;Tennessee;13;11.8;14.2;881;Overall
2014;Texas;11;10.2;11.8;2,323;Overall
2014;Utah;7.1;6.7;7.6;1,304;Overall
2014;Vermont;7.9;7.1;8.6;567;Overall
2014;Virginia;9.7;9;10.4;1,203;Overall
2014;Washington;8.9;8.2;9.6;1,167;Overall
2014;West Virginia;14.1;13.1;15.1;1,001;Overall
2014;Wisconsin;9;8.1;9.8;859;Overall
2014;Wyoming;8.4;7.4;9.4;775;Overall
2014;Guam;10.8;9.3;12.2;316;Overall
2014;Puerto Rico;15.7;14.6;16.7;1,197;Overall
2014;All States and DC (median) **;10;;;51;Overall
2014;All States, DC and Territories (median) **;10.1;;;53;Overall
2013;Alabama;13.8;12.8;14.9;1,209;Overall
2013;Alaska;7.1;6;8.1;356;Overall
2013;Arizona;10.7;9.1;12.2;552;Overall
2013;Arkansas;11.5;10.4;12.6;803;Overall
2013;California;10.2;9.4;11;1,242;Overall
2013;Colorado;6.5;6;7;1,089;Overall
2013;Connecticut;8.3;7.6;9.1;833;Overall
2013;Delaware;11.1;10;12.2;736;Overall
2013;District of Columbia;7.8;6.9;8.7;556;Overall
2013;Florida;11.2;10.5;11.9;5,189;Overall
2013;Georgia;10.8;10;11.6;1,159;Overall
2013;Hawaii;8.4;7.5;9.3;703;Overall
2013;Idaho;8.4;7.5;9.3;640;Overall
2013;Illinois;9.9;8.8;10.9;698;Overall
2013;Indiana;11;10.3;11.7;1,468;Overall
2013;Iowa;9.3;8.6;10.1;1,006;Overall
2013;Kansas;9.6;9.1;10;2,832;Overall
2013;Kentucky;10.6;9.9;11.4;1,649;Overall
2013;Louisiana;11.6;10.5;12.8;847;Overall
2013;Maine;9.7;8.9;10.4;940;Overall
2013;Maryland;9.8;9.1;10.5;1,698;Overall
2013;Massachusetts;8.5;7.9;9.2;1,762;Overall
2013;Michigan;10.4;9.7;11;1,642;Overall
2013;Minnesota;7.4;6.6;8.2;1,396;Overall
2013;Mississippi;12.9;11.9;13.8;1,348;Overall
2013;Missouri;9.6;8.7;10.5;1,012;Overall
2013;Montana;7.7;7;8.3;979;Overall
2013;Nebraska;9.2;8.5;9.8;2,009;Overall
2013;Nevada;9.6;8.1;11.1;514;Overall
2013;New Hampshire;9.2;8.3;10;770;Overall
2013;New Jersey;9.2;8.5;9.9;1,46;Overall
2013;New Mexico;10.7;9.9;11.6;1,192;Overall
2013;New York;10.6;9.7;11.4;1,035;Overall
2013;North Carolina;11.4;10.6;12.2;1,325;Overall
2013;North Dakota;8.9;8.1;9.7;865;Overall
2013;Ohio;10.4;9.6;11.1;1,673;Overall
2013;Oklahoma;11;10.3;11.8;1,202;Overall
2013;Oregon;9.2;8.3;10.1;675;Overall
2013;Pennsylvania;10.1;9.4;10.8;1,435;Overall
2013;Rhode Island;9.3;8.4;10.1;786;Overall
2013;South Carolina;12.5;11.7;13.3;1,802;Overall
2013;South Dakota;9.1;8;10.1;827;Overall
2013;Tennessee;12.2;11.1;13.4;934;Overall
2013;Texas;11;10.1;11.9;1,534;Overall
2013;Utah;7.1;6.6;7.6;1,203;Overall
2013;Vermont;7.8;7;8.5;616;Overall
2013;Virginia;9.8;9.1;10.6;1,047;Overall
2013;Washington;8.6;7.9;9.2;1,271;Overall
2013;West Virginia;13;12.1;14;925;Overall
2013;Wisconsin;8.2;7.3;9.2;774;Overall
2013;Wyoming;8.6;7.8;9.5;769;Overall
2013;Guam;14.1;11.9;16.3;233;Overall
2013;Puerto Rico;14.9;13.8;15.9;1,125;Overall
2013;All States and DC (median) **;9.7;;;51;Overall
2013;All States, DC and Territories (median) **;9.8;;;53;Overall
2012;Alabama;12.3;11.4;13.1;1,574;Overall
2012;Alaska;7;5.9;8;324;Overall
2012;Arizona;10.6;9.4;11.8;983;Overall
2012;Arkansas;11.3;10.3;12.3;800;Overall
2012;California;9.8;9.1;10.5;1,655;Overall
2012;Colorado;7.4;6.8;8;1,108;Overall
2012;Connecticut;9.2;8.3;10;933;Overall
2012;Delaware;9.6;8.6;10.7;606;Overall
2012;District of Columbia;8.2;7.1;9.4;454;Overall
2012;Florida;11.4;10.3;12.4;1,09;Overall
2012;Georgia;9.9;9;10.8;887;Overall
2012;Hawaii;7.8;6.8;8.7;598;Overall
2012;Idaho;8.5;7.4;9.5;725;Overall
2012;Illinois;9.4;8.4;10.4;673;Overall
2012;Indiana;10.9;10.2;11.7;1,25;Overall
2012;Iowa;9.7;8.9;10.4;881;Overall
2012;Kansas;9.4;8.8;10.1;1,453;Overall
2012;Kentucky;10.7;9.9;11.5;1,733;Overall
2012;Louisiana;12.3;11.3;13.2;1,513;Overall
2012;Maine;9.7;9;10.3;1,15;Overall
2012;Maryland;10.2;9.5;11;1,699;Overall
2012;Massachusetts;8.3;7.8;8.9;2,491;Overall
2012;Michigan;10.5;9.7;11.2;1,465;Overall
2012;Minnesota;7.3;6.7;7.9;1,131;Overall
2012;Mississippi;12.5;11.6;13.4;1,41;Overall
2012;Missouri;10.7;9.7;11.7;987;Overall
2012;Montana;7.2;6.6;7.9;884;Overall
2012;Nebraska;8.1;7.6;8.6;2,123;Overall
2012;Nevada;8.9;7.7;10.1;497;Overall
2012;New Hampshire;9.1;8.4;9.9;904;Overall
2012;New Jersey;9.3;8.7;9.9;1,79;Overall
2012;New Mexico;10.3;9.5;11;1,076;Overall
2012;New York;9.7;8.7;10.8;652;Overall
2012;North Carolina;10.4;9.8;11.1;1,565;Overall
2012;North Dakota;8.6;7.7;9.5;548;Overall
2012;Ohio;11.7;11;12.4;1,914;Overall
2012;Oklahoma;11.5;10.7;12.3;1,185;Overall
2012;Oregon;9.9;8.9;10.9;621;Overall
2012;Pennsylvania;10.2;9.7;10.8;2,573;Overall
2012;Rhode Island;9.8;8.8;10.7;642;Overall
2012;South Carolina;11.6;10.8;12.3;1,976;Overall
2012;South Dakota;7.8;6.9;8.7;829;Overall
2012;Tennessee;11.9;11;12.9;1,115;Overall
2012;Texas;10.6;9.8;11.4;1,245;Overall
2012;Utah;7.2;6.7;7.7;1,227;Overall
2012;Vermont;7.3;6.5;8;562;Overall
2012;Virginia;10.6;9.7;11.4;937;Overall
2012;Washington;8.8;8.2;9.4;1,703;Overall
2012;West Virginia;13;12;14;849;Overall
2012;Wisconsin;8.3;7.3;9.3;604;Overall
2012;Wyoming;9.1;8;10.1;779;Overall
2012;Guam;9.6;8;11.3;199;Overall
2012;Puerto Rico;16.4;15.3;17.4;1,191;Overall
2012;All States and DC (median) **;9.7;;;51;Overall
2012;All States, DC and Territories (median) **;9.7;;;53;Overall
2011;Alabama;11.8;10.9;12.7;1,215;Overall
2011;Alaska;7.9;6.5;9.2;301;Overall
2011;Arizona;9.5;8.3;10.7;808;Overall
2011;Arkansas;11.2;10;12.3;739;Overall
2011;California;8.9;8.3;9.5;1,823;Overall
2011;Colorado;6.7;6.1;7.3;1,212;Overall
2011;Connecticut;9.3;8.5;10.2;753;Overall
2011;Delaware;9.7;8.6;10.8;602;Overall
2011;District of Columbia;9.1;8;10.3;541;Overall
2011;Florida;10.4;9.7;11.1;1,76;Overall
2011;Georgia;10.2;9.4;10.9;1,482;Overall
2011;Hawaii;8.4;7.6;9.2;824;Overall
2011;Idaho;9.4;8.4;10.4;767;Overall
2011;Illinois;9.7;8.6;10.8;693;Overall
2011;Indiana;10.2;9.4;11;1,181;Overall
2011;Iowa;8.2;7.5;8.9;801;Overall
2011;Kansas;9.5;9.1;10;2,584;Overall
2011;Kentucky;10.8;10;11.6;1,742;Overall
2011;Louisiana;11.8;11;12.6;1,716;Overall
2011;Maine;9.6;9;10.2;1,532;Overall
2011;Maryland;9.5;8.7;10.2;1,213;Overall
2011;Massachusetts;8;7.5;8.5;2,561;Overall
2011;Michigan;10;9.2;10.7;1,475;Overall
2011;Minnesota;7.3;6.7;7.8;1,317;Overall
2011;Mississippi;12.4;11.6;13.2;1,565;Overall
2011;Missouri;10.2;9.3;11.2;881;Overall
2011;Montana;8;7.2;8.7;1,02;Overall
2011;Nebraska;8.4;7.9;8.8;2,842;Overall
2011;Nevada;10.3;8.8;11.8;562;Overall
2011;New Hampshire;8.6;7.9;9.4;772;Overall
2011;New Jersey;8.8;8.2;9.4;1,741;Overall
2011;New Mexico;10;9.2;10.7;1,198;Overall
2011;New York;10.5;9.6;11.3;888;Overall
2011;North Carolina;10.9;10.1;11.7;1,616;Overall
2011;North Dakota;8.2;7.4;9;554;Overall
2011;Ohio;10;9.3;10.8;1,308;Overall
2011;Oklahoma;11.1;10.3;11.9;1,251;Overall
2011;Oregon;9.3;8.4;10.2;699;Overall
2011;Pennsylvania;9.5;8.8;10.2;1,378;Overall
2011;Rhode Island;8.4;7.6;9.2;683;Overall
2011;South Carolina;12.1;11.3;12.9;2,069;Overall
2011;South Dakota;9.5;8.4;10.6;1,005;Overall
2011;Tennessee;11.2;9.7;12.6;943;Overall
2011;Texas;10.2;9.4;10.9;2,062;Overall
2011;Utah;6.7;6.2;7.2;1,144;Overall
2011;Vermont;7.7;6.9;8.4;698;Overall
2011;Virginia;10.4;9.3;11.4;851;Overall
2011;Washington;8.9;8.3;9.6;1,731;Overall
2011;West Virginia;12;11.1;13;762;Overall
2011;Wisconsin;8.4;7.4;9.3;616;Overall
2011;Wyoming;8.2;7.3;9.2;656;Overall
2011;Guam;9.9;8.2;11.6;186;Overall
2011;Puerto Rico;13.5;12.6;14.4;1,191;Overall
2011;All States and DC (median) **;9.5;;;51;Overall
2011;All States, DC and Territories (median) **;9.5;;;53;Overall
2010;All States, DC and Territories (median) **;8.7;;;54;Overall
2010;All States and DC (median) **;8.7;;;51;Overall
2010;Alabama;13.2;12.2;14.2;1281;Overall
2010;Alaska;5.3;3.9;6.6;134;Overall
2010;Arizona;9.0;7.8;10.2;753;Overall
2010;Arkansas;9.6;8.6;10.7;622;Overall
2010;California;8.6;8.1;9.1;1918;Overall
2010;Colorado;6.0;5.5;6.5;986;Overall
2010;Connecticut;7.3;6.5;8.1;715;Overall
2010;Delaware;8.7;7.7;9.7;540;Overall
2010;District of Columbia;8.3;7.3;9.3;411;Overall
2010;Florida;10.4;9.8;11.1;5270;Overall
2010;Georgia;9.7;8.8;10.6;832;Overall
2010;Hawaii;8.3;7.4;9.1;712;Overall
2010;Idaho;7.9;7.2;8.7;812;Overall
2010;Illinois;8.7;7.8;9.7;643;Overall
2010;Indiana;9.8;9.0;10.6;1419;Overall
2010;Iowa;7.5;6.8;8.3;673;Overall
2010;Kansas;8.4;7.8;9.1;1067;Overall
2010;Kentucky;10.0;9.2;10.9;1254;Overall
2010;Louisiana;10.3;9.5;11.1;1058;Overall
2010;Maine;8.7;8.0;9.3;958;Overall
2010;Maryland;9.3;8.5;10.1;1123;Overall
2010;Massachusetts;7.4;6.9;8.0;1955;Overall
2010;Michigan;10.1;9.4;10.9;1312;Overall
2010;Minnesota;6.7;5.9;7.5;846;Overall
2010;Mississippi;12.4;11.4;13.3;1435;Overall
2010;Missouri;9.4;8.4;10.4;769;Overall
2010;Montana;7.0;6.2;7.8;732;Overall
2010;Nebraska;7.7;7.0;8.3;1850;Overall
2010;Nevada;8.5;7.2;9.8;414;Overall
2010;New Hampshire;7.9;7.1;8.7;664;Overall
2010;New Jersey;9.2;8.5;9.8;1399;Overall
2010;New Mexico;8.5;7.7;9.2;871;Overall
2010;New York;8.9;8.2;9.5;1048;Overall
2010;North Carolina;9.8;9.1;10.4;1708;Overall
2010;North Dakota;7.4;6.6;8.2;485;Overall
2010;Ohio;10.1;9.3;10.9;1375;Overall
2010;Oklahoma;10.4;9.7;11.2;1113;Overall
2010;Oregon;7.2;6.4;7.9;571;Overall
2010;Pennsylvania;10.3;9.6;11.0;1522;Overall
2010;Rhode Island;7.8;7.1;8.6;733;Overall
2010;South Carolina;10.7;9.7;11.6;1554;Overall
2010;South Dakota;6.9;6.2;7.6;789;Overall
2010;Tennessee;11.3;10.2;12.4;872;Overall
2010;Texas;9.7;9.0;10.4;2739;Overall
2010;Utah;6.5;5.9;7.0;962;Overall
2010;Vermont;6.8;6.2;7.4;641;Overall
2010;Virginia;8.7;7.7;9.7;705;Overall
2010;Washington;7.6;7.2;8.1;2281;Overall
2010;West Virginia;11.7;10.7;12.7;690;Overall
2010;Wisconsin;7.1;6.3;8.0;564;Overall
2010;Wyoming;7.2;6.5;7.9;624;Overall
2010;Guam;11.0;8.6;13.4;108;Overall
2010;Puerto Rico;12.8;11.6;14.0;729;Overall
2010;Virgin Islands;9.1;7.6;10.6;239;Overall
2009;All States, DC and Territories (median) **;8.4;;;54;Overall
2009;All States and DC (median) **;8.3;;;51;Overall
2009;Alabama;12.3;11.2;13.3;1124;Overall
2009;Alaska;5.8;4.6;7.1;175;Overall
2009;Arizona;8.4;7.3;9.6;691;Overall
2009;Arkansas;10.1;9.0;11.2;579;Overall
2009;California;9.1;8.6;9.7;1871;Overall
2009;Colorado;5.8;5.3;6.3;937;Overall
2009;Connecticut;6.7;6.0;7.4;670;Overall
2009;Delaware;8.1;7.1;9.1;529;Overall
2009;District of Columbia;7.5;6.6;8.5;406;Overall
2009;Florida;10.7;9.7;11.7;1649;Overall
2009;Georgia;9.5;8.5;10.6;835;Overall
2009;Hawaii;8.5;7.6;9.3;663;Overall
2009;Idaho;8.0;7.2;8.8;633;Overall
2009;Illinois;8.2;7.3;9.0;613;Overall
2009;Indiana;9.3;8.6;10.0;1322;Overall
2009;Iowa;7.6;6.9;8.3;633;Overall
2009;Kansas;8.5;8.1;9.0;2267;Overall
2009;Kentucky;11.5;10.5;12.5;1569;Overall
2009;Louisiana;11.1;10.3;11.8;1374;Overall
2009;Maine;8.3;7.7;9.0;909;Overall
2009;Maryland;9.3;8.5;10.1;1007;Overall
2009;Massachusetts;7.9;7.3;8.5;1947;Overall
2009;Michigan;9.3;8.7;10.0;1290;Overall
2009;Minnesota;6.4;5.7;7.1;521;Overall
2009;Mississippi;11.6;10.9;12.3;1881;Overall
2009;Missouri;7.9;7.1;8.8;615;Overall
2009;Montana;6.8;6.2;7.4;746;Overall
2009;Nebraska;7.5;6.9;8.1;1863;Overall
2009;Nevada;7.9;6.7;9.2;404;Overall
2009;New Hampshire;7.1;6.4;7.9;624;Overall
2009;New Jersey;8.7;8.0;9.5;1315;Overall
2009;New Mexico;8.6;7.9;9.3;1038;Overall
2009;New York;8.9;8.1;9.7;787;Overall
2009;North Carolina;9.6;8.8;10.4;1719;Overall
2009;North Dakota;7.5;6.7;8.3;486;Overall
2009;Ohio;10.1;9.4;10.9;1329;Overall
2009;Oklahoma;11.0;10.2;11.8;1117;Overall
2009;Oregon;8.3;7.2;9.3;474;Overall
2009;Pennsylvania;9.1;8.3;9.8;1120;Overall
2009;Rhode Island;7.0;6.3;7.7;647;Overall
2009;South Carolina;10.4;9.5;11.3;1482;Overall
2009;South Dakota;7.3;6.6;8.0;812;Overall
2009;Tennessee;10.3;9.2;11.3;761;Overall
2009;Texas;9.3;8.5;10.2;1412;Overall
2009;Utah;6.1;5.6;6.6;932;Overall
2009;Vermont;6.2;5.6;6.8;573;Overall
2009;Virginia;8.2;7.3;9.1;654;Overall
2009;Washington;7.7;7.3;8.2;2271;Overall
2009;West Virginia;12.4;11.3;13.4;752;Overall
2009;Wisconsin;8.2;7.2;9.2;538;Overall
2009;Wyoming;7.0;6.3;7.7;574;Overall
2009;Guam;9.1;7.2;11.0;137;Overall
2009;Puerto Rico;12.9;11.8;14.0;844;Overall
2009;Virgin Islands;8.0;6.9;9.2;265;Overall
2008;All States, DC and Territories (median) **;8.3;;;54;Overall
2008;All States and DC (median) **;8.3;;;51;Overall
2008;Alabama;11.2;10.3;12.2;1032;Overall
2008;Alaska;6.7;5.1;8.2;188;Overall
2008;Arizona;7.8;6.7;8.9;790;Overall
2008;Arkansas;9.5;8.6;10.4;761;Overall
2008;California;8.5;7.9;9.2;1127;Overall
2008;Colorado;6.0;5.5;6.5;887;Overall
2008;Connecticut;6.8;6.1;7.5;608;Overall
2008;Delaware;8.3;7.2;9.3;470;Overall
2008;District of Columbia;8.0;7.1;8.9;430;Overall
2008;Florida;9.5;8.6;10.4;1446;Overall
2008;Georgia;9.9;8.9;10.9;775;Overall
2008;Hawaii;8.2;7.4;9.1;612;Overall
2008;Idaho;7.0;6.3;7.7;526;Overall
2008;Illinois;8.3;7.5;9.2;553;Overall
2008;Indiana;9.6;8.5;10.7;624;Overall
2008;Iowa;7.0;6.4;7.7;574;Overall
2008;Kansas;8.1;7.5;8.7;959;Overall
2008;Kentucky;9.9;9.0;10.7;1139;Overall
2008;Louisiana;10.7;9.8;11.5;851;Overall
2008;Maine;8.3;7.5;9.0;697;Overall
2008;Maryland;8.7;7.9;9.4;1061;Overall
2008;Massachusetts;7.2;6.7;7.6;2245;Overall
2008;Michigan;9.1;8.4;9.8;1210;Overall
2008;Minnesota;5.9;5.2;6.6;366;Overall
2008;Mississippi;11.3;10.5;12.2;1218;Overall
2008;Missouri;9.1;8.1;10.2;619;Overall
2008;Montana;6.5;5.8;7.1;652;Overall
2008;Nebraska;7.8;7.1;8.5;1696;Overall
2008;Nevada;8.6;7.4;9.8;466;Overall
2008;New Hampshire;7.2;6.5;7.9;693;Overall
2008;New Jersey;8.4;7.8;9.0;1301;Overall
2008;New Mexico;7.9;7.0;8.7;648;Overall
2008;New York;8.4;7.7;9.2;829;Overall
2008;North Carolina;9.3;8.8;9.9;1967;Overall
2008;North Dakota;7.6;6.8;8.4;502;Overall
2008;Ohio;9.9;9.2;10.6;1720;Overall
2008;Oklahoma;10.1;9.4;10.9;1007;Overall
2008;Oregon;6.9;6.1;7.7;454;Overall
2008;Pennsylvania;8.8;8.1;9.5;1640;Overall
2008;Rhode Island;7.4;6.6;8.3;469;Overall
2008;South Carolina;10.1;9.3;11.0;1475;Overall
2008;South Dakota;6.6;6.0;7.2;724;Overall
2008;Tennessee;10.4;9.3;11.4;690;Overall
2008;Texas;9.7;8.9;10.5;1412;Overall
2008;Utah;6.1;5.4;6.8;455;Overall
2008;Vermont;6.4;5.8;7.0;566;Overall
2008;Virginia;7.9;7.1;8.7;694;Overall
2008;Washington;6.9;6.5;7.3;2262;Overall
2008;West Virginia;11.9;10.9;13.0;603;Overall
2008;Wisconsin;7.2;6.3;8.1;738;Overall
2008;Wyoming;7.4;6.7;8.1;759;Overall
2008;Guam;7.9;5.8;10.0;72;Overall
2008;Puerto Rico;12.4;11.3;13.4;839;Overall
2008;Virgin Islands;10.0;8.6;11.4;301;Overall
2007;All States, DC and Territories (median) **;8.1;;;54;Overall
2007;All States and DC (median) **;8.0;;;51;Overall
2007;Alabama;10.3;9.5;11.1;1020;Overall
2007;Alaska;6.1;4.7;7.5;149;Overall
2007;Arizona;8.4;7.0;9.8;539;Overall
2007;Arkansas;9.2;8.4;10.0;668;Overall
2007;California;7.6;6.8;8.4;542;Overall
2007;Colorado;5.3;4.9;5.7;819;Overall
2007;Connecticut;7.3;6.5;8.1;734;Overall
2007;Delaware;8.7;7.7;9.7;450;Overall
2007;District of Columbia;8.1;7.1;9.1;374;Overall
2007;Florida;8.7;8.1;9.3;4947;Overall
2007;Georgia;10.1;9.3;10.9;1072;Overall
2007;Hawaii;7.7;6.9;8.5;568;Overall
2007;Idaho;7.9;7.1;8.7;545;Overall
2007;Illinois;8.8;7.8;9.8;580;Overall
2007;Indiana;8.5;7.7;9.3;694;Overall
2007;Iowa;6.8;6.2;7.4;488;Overall
2007;Kansas;7.3;6.7;7.9;846;Overall
2007;Kentucky;9.9;8.9;10.9;958;Overall
2007;Louisiana;10.2;9.4;11.0;866;Overall
2007;Maine;7.8;7.0;8.6;653;Overall
2007;Maryland;8.4;7.6;9.2;981;Overall
2007;Massachusetts;7.4;7.0;7.8;2364;Overall
2007;Michigan;8.8;8.0;9.6;928;Overall
2007;Minnesota;5.7;4.9;6.5;358;Overall
2007;Mississippi;11.1;10.3;11.9;1204;Overall
2007;Missouri;8.0;7.0;9.0;575;Overall
2007;Montana;6.6;6.0;7.2;547;Overall
2007;Nebraska;7.1;6.3;7.9;1045;Overall
2007;Nevada;8.0;6.8;9.2;403;Overall
2007;New Hampshire;7.2;6.4;8.0;579;Overall
2007;New Jersey;9.2;8.4;10.0;844;Overall
2007;New Mexico;7.8;7.0;8.6;656;Overall
2007;New York;8.2;7.4;9.0;655;Overall
2007;North Carolina;9.1;8.5;9.7;1825;Overall
2007;North Dakota;6.3;5.5;7.1;437;Overall
2007;Ohio;9.5;8.9;10.1;1463;Overall
2007;Oklahoma;10.2;9.4;11.0;948;Overall
2007;Oregon;6.9;6.1;7.7;476;Overall
2007;Pennsylvania;8.7;7.9;9.5;1464;Overall
2007;Rhode Island;7.2;6.4;8.0;457;Overall
2007;South Carolina;9.6;8.8;10.4;1333;Overall
2007;South Dakota;6.7;6.1;7.3;659;Overall
2007;Tennessee;11.9;10.5;13.3;733;Overall
2007;Texas;10.3;9.7;10.9;2387;Overall
2007;Utah;5.8;5.0;6.6;414;Overall
2007;Vermont;7.0;6.2;7.8;601;Overall
2007;Virginia;8.0;7.2;8.8;740;Overall
2007;Washington;7.1;6.7;7.5;2553;Overall
2007;West Virginia;10.8;9.8;11.8;610;Overall
2007;Wisconsin;6.5;5.7;7.3;731;Overall
2007;Wyoming;7.0;6.4;7.6;560;Overall
2007;Guam;9.2;6.7;11.7;69;Overall
2007;Puerto Rico;12.5;11.3;13.7;703;Overall
2007;Virgin Islands;8.8;7.6;10.0;256;Overall
2006;All States, DC and Territories (median) **;7.5;;;53;Overall
2006;All States and DC (median) **;7.5;;;51;Overall
2006;Alabama;10.0;8.9;11.1;417;Overall
2006;Alaska;5.9;4.6;7.2;144;Overall
2006;Arizona;8.5;7.1;9.9;491;Overall
2006;Arkansas;8.1;7.3;8.9;567;Overall
2006;California;8.2;7.3;9.1;516;Overall
2006;Colorado;5.3;4.7;5.9;406;Overall
2006;Connecticut;6.4;5.8;7.0;736;Overall
2006;Delaware;8.1;7.1;9.1;419;Overall
2006;District of Columbia;8.1;7.1;9.1;367;Overall
2006;Florida;8.5;7.8;9.2;1143;Overall
2006;Georgia;9.1;8.3;9.9;955;Overall
2006;Hawaii;8.2;7.3;9.1;584;Overall
2006;Idaho;6.8;6.0;7.6;452;Overall
2006;Illinois;8.1;7.2;9.0;505;Overall
2006;Indiana;8.1;7.4;8.8;665;Overall
2006;Iowa;7.3;6.6;8.0;493;Overall
2006;Kansas;7.3;6.7;7.9;770;Overall
2006;Kentucky;9.9;8.9;10.9;794;Overall
2006;Louisiana;9.2;8.5;9.9;802;Overall
2006;Maine;6.9;6.1;7.7;320;Overall
2006;Maryland;7.9;7.2;8.6;843;Overall
2006;Massachusetts;6.4;5.9;6.9;1202;Overall
2006;Michigan;9.0;8.2;9.8;628;Overall
2006;Minnesota;5.7;5.0;6.4;315;Overall
2006;Mississippi;10.9;10.0;11.8;868;Overall
2006;Missouri;7.4;6.5;8.3;549;Overall
2006;Montana;6.4;5.7;7.1;506;Overall
2006;Nebraska;7.4;6.7;8.1;741;Overall
2006;Nevada;7.5;6.4;8.6;319;Overall
2006;New Hampshire;7.4;6.6;8.2;546;Overall
2006;New Jersey;7.5;7.0;8.0;1337;Overall
2006;New Mexico;7.3;6.6;8.0;615;Overall
2006;New York;7.6;6.9;8.3;561;Overall
2006;North Carolina;9.1;8.6;9.6;1869;Overall
2006;North Dakota;6.7;5.9;7.5;392;Overall
2006;Ohio;6.7;5.7;7.7;695;Overall
2006;Oklahoma;10.0;9.2;10.8;871;Overall
2006;Oregon;6.7;6.0;7.4;428;Overall
2006;Pennsylvania;8.5;7.7;9.3;1471;Overall
2006;Rhode Island;7.4;6.5;8.3;421;Overall
2006;South Carolina;9.6;8.9;10.3;1122;Overall
2006;South Dakota;6.5;5.9;7.1;597;Overall
2006;Tennessee;10.7;9.5;11.9;580;Overall
2006;Texas;8.0;7.1;8.9;786;Overall
2006;Utah;5.7;5.0;6.4;412;Overall
2006;Vermont;5.9;5.3;6.5;539;Overall
2006;Virginia;7.4;6.3;8.5;566;Overall
2006;Washington;7.1;6.7;7.5;2314;Overall
2006;West Virginia;12.1;11.0;13.2;540;Overall
2006;Wisconsin;6.2;5.5;6.9;417;Overall
2006;Wyoming;6.4;5.7;7.1;391;Overall
2006;Puerto Rico;11.9;10.9;12.9;779;Overall
2006;Virgin Islands;9.0;7.9;10.1;319;Overall
2005;All States, DC and Territories (median) **;7.3;;;53;Overall
2005;All States and DC (median) **;7.3;;;51;Overall
2005;Alabama;9.8;8.7;10.9;368;Overall
2005;Alaska;4.4;3.4;5.4;155;Overall
2005;Arizona;7.5;6.2;8.8;461;Overall
2005;Arkansas;8.1;7.3;8.9;527;Overall
2005;California;7.1;6.2;8.0;460;Overall
2005;Colorado;4.8;4.2;5.4;343;Overall
2005;Connecticut;6.5;5.7;7.3;438;Overall
2005;Delaware;8.6;7.5;9.7;418;Overall
2005;District of Columbia;7.1;6.1;8.1;268;Overall
2005;Florida;8.8;7.9;9.7;856;Overall
2005;Georgia;8.3;7.4;9.2;658;Overall
2005;Hawaii;7.3;6.4;8.2;504;Overall
2005;Idaho;6.8;6.1;7.5;488;Overall
2005;Illinois;7.9;7.0;8.8;449;Overall
2005;Indiana;8.3;7.5;9.1;516;Overall
2005;Iowa;6.8;6.1;7.5;427;Overall
2005;Kansas;6.9;6.3;7.5;758;Overall
2005;Kentucky;8.9;8.0;9.8;739;Overall
2005;Louisiana;9.2;8.1;10.3;321;Overall
2005;Maine;7.5;6.6;8.4;337;Overall
2005;Maryland;7.2;6.6;7.8;735;Overall
2005;Massachusetts;6.4;5.8;7.0;778;Overall
2005;Michigan;8.1;7.6;8.6;1204;Overall
2005;Minnesota;5.8;4.9;6.7;198;Overall
2005;Mississippi;9.8;8.9;10.7;558;Overall
2005;Missouri;7.7;6.8;8.6;540;Overall
2005;Montana;5.7;5.0;6.4;361;Overall
2005;Nebraska;7.3;6.6;8.0;778;Overall
2005;Nevada;7.1;5.9;8.3;260;Overall
2005;New Hampshire;6.5;5.8;7.2;473;Overall
2005;New Jersey;7.7;7.1;8.3;1281;Overall
2005;New Mexico;7.3;6.5;8.1;503;Overall
2005;New York;8.1;7.3;8.9;670;Overall
2005;North Carolina;8.5;8.0;9.0;1849;Overall
2005;North Dakota;6.7;5.8;7.6;311;Overall
2005;Ohio;7.7;6.9;8.5;817;Overall
2005;Oklahoma;8.9;8.2;9.6;1567;Overall
2005;Oregon;6.7;6.2;7.2;1026;Overall
2005;Pennsylvania;8.1;7.5;8.7;1374;Overall
2005;Rhode Island;6.4;5.6;7.2;308;Overall
2005;South Carolina;10.3;9.6;11.0;1013;Overall
2005;South Dakota;6.4;5.8;7.0;610;Overall
2005;Tennessee;9.1;8.1;10.1;528;Overall
2005;Texas;7.9;7.2;8.6;673;Overall
2005;Utah;5.5;4.8;6.2;371;Overall
2005;Vermont;6.0;5.4;6.6;485;Overall
2005;Virginia;6.9;6.1;7.7;530;Overall
2005;Washington;6.3;5.9;6.7;1924;Overall
2005;West Virginia;10.4;9.3;11.5;425;Overall
2005;Wisconsin;6.6;5.8;7.4;425;Overall
2005;Wyoming;6.5;5.8;7.2;383;Overall
2005;Puerto Rico;12.5;11.3;13.7;657;Overall
2005;Virgin Islands;8.4;7.1;9.7;214;Overall
2004;All States, DC and Territories (median) **;7.1;;;52;Overall
2004;All States and DC (median) **;7.0;;;50;Overall
2004;Alabama;8.1;7.2;9.0;362;Overall
2004;Alaska;4.2;3.2;5.2;128;Overall
2004;Arizona;6.6;5.5;7.7;391;Overall
2004;Arkansas;7.1;6.3;7.9;368;Overall
2004;California;7.1;6.2;8.0;312;Overall
2004;Colorado;4.3;3.7;4.9;313;Overall
2004;Connecticut;6.0;5.3;6.7;404;Overall
2004;Delaware;7.0;6.0;8.0;346;Overall
2004;District of Columbia;8.3;7.1;9.5;235;Overall
2004;Florida;7.8;7.0;8.6;656;Overall
2004;Georgia;7.3;6.4;8.2;488;Overall
2004;Hawaii;7.0;6.5;7.5;50;Overall
2004;Idaho;6.1;5.4;6.8;407;Overall
2004;Illinois;6.0;5.2;6.8;283;Overall
2004;Indiana;7.7;7.0;8.4;567;Overall
2004;Iowa;6.4;5.7;7.1;390;Overall
2004;Kansas;6.5;6.0;7.0;685;Overall
2004;Kentucky;7.5;6.7;8.3;697;Overall
2004;Louisiana;8.3;7.6;9.0;840;Overall
2004;Maine;7.5;6.5;8.5;293;Overall
2004;Maryland;7.2;6.2;8.2;338;Overall
2004;Massachusetts;5.6;5.0;6.2;596;Overall
2004;Michigan;7.7;6.9;8.5;457;Overall
2004;Minnesota;5.0;4.3;5.7;275;Overall
2004;Mississippi;9.6;8.7;10.5;621;Overall
2004;Missouri;7.3;6.5;8.1;471;Overall
2004;Montana;6.0;5.2;6.8;377;Overall
2004;Nebraska;6.3;5.7;6.9;680;Overall
2004;Nevada;6.4;5.2;7.6;215;Overall
2004;New Hampshire;6.5;5.8;7.2;381;Overall
2004;New Jersey;6.8;6.3;7.3;929;Overall
2004;New Mexico;6.5;5.8;7.2;504;Overall
2004;New York;7.5;6.7;8.3;460;Overall
2004;North Carolina;8.4;7.9;8.9;1559;Overall
2004;North Dakota;5.9;5.0;6.8;213;Overall
2004;Ohio;7.8;6.6;9.0;803;Overall
2004;Oklahoma;8.0;7.3;8.7;687;Overall
2004;Oregon;6.6;5.9;7.3;391;Overall
2004;Pennsylvania;7.8;7.1;8.5;525;Overall
2004;Rhode Island;7.2;6.3;8.1;328;Overall
2004;South Carolina;8.3;7.6;9.0;698;Overall
2004;South Dakota;6.6;5.9;7.3;532;Overall
2004;Tennessee;8.4;7.4;9.4;377;Overall
2004;Texas;7.7;6.9;8.5;567;Overall
2004;Utah;5.1;4.4;5.8;305;Overall
2004;Vermont;5.3;4.8;5.8;452;Overall
2004;Virginia;7.0;6.2;7.8;497;Overall
2004;Washington;6.4;6.0;6.8;1493;Overall
2004;West Virginia;10.9;9.7;12.1;417;Overall
2004;Wisconsin;5.7;5.0;6.4;317;Overall
2004;Wyoming;6.0;5.2;6.8;294;Overall
2004;Puerto Rico;10.7;9.6;11.8;571;Overall
2004;Virgin Islands;8.8;7.5;10.1;241;Overall